id,name,experience,age,speciality,contact_no,email,gender,address,rating,image_URL
1,David Jones,1,45,S8,+91 98765 43210  ,david.jones1@hospital.com,Male,"86764 Hawkins Causeway, Cameronmouth, AK 44289",3.4,https://raw.githubusercontent.com/tejas407/Images/8ce4479ae39579b2fff35432676227c684308912/Doctor%20Images/David%20Jones.jpg
2,Jeremy Hobbs,22,62,S3,+91 91234 56789  ,jeremy.hobbs2@hospital.com,Male,"6386 Melissa Canyon, East Kristopher, SD 69296",4.2,https://raw.githubusercontent.com/tejas407/Images/8ce4479ae39579b2fff35432676227c684308912/Doctor%20Images/Jeremy%20Hobbs.jpg
3,Victor Davis,1,33,S7,+91 87878 12345  ,victor.davis3@hospital.com,Male,"USS Carpenter, FPO AA 62671",3.5,https://raw.githubusercontent.com/tejas407/Images/8ce4479ae39579b2fff35432676227c684308912/Doctor%20Images/Victor%20Davis.jpg
4,Donald Lawson,18,40,S18,+91 90123 45678  ,donald.lawson4@hospital.com,Male,"99039 Scott Rue Suite 011, West Cameron, WY 38962",3.8,https://raw.githubusercontent.com/tejas407/Images/8ce4479ae39579b2fff35432676227c684308912/Doctor%20Images/Donald%20Lawson.jpg
5,Linda Shields,19,45,S1,+91 99887 65432  ,linda.shields5@hospital.com,Female,"2941 David Spurs Apt. 015, Lake Monica, VA 18258",4.5,https://raw.githubusercontent.com/tejas407/Images/8ce4479ae39579b2fff35432676227c684308912/Doctor%20Images/Linda%20Shields.jpg
6,Patrick Preston,23,55,S11,+91 88990 11223  ,patrick.preston6@hospital.com,Male,"Unit 2586 Box 4031, DPO AA 81645",3.6,https://raw.githubusercontent.com/tejas407/Images/8ce4479ae39579b2fff35432676227c684308912/Doctor%20Images/Patrick%20Preston.jpg
7,Christopher Bennett,25,40,S4,+91 90909 87654  ,christopher.bennett7@hospital.com,Male,"812 Fisher Cliff Suite 108, West Ian, DE 73393",3.2,https://raw.githubusercontent.com/tejas407/Images/8ce4479ae39579b2fff35432676227c684308912/Doctor%20Images/Christopher%20Bennett.jpg
8,Robert Smith,12,40,S9,+91 80080 24680  ,robert.smith8@hospital.com,Male,"9517 Hill Fork, West Christopher, CO 34407",4.6,https://raw.githubusercontent.com/tejas407/Images/8ce4479ae39579b2fff35432676227c684308912/Doctor%20Images/Robert%20Smith.jpg
9,Kelly Duncan,18,35,S13,+91 76666 54321  ,kelly.duncan9@hospital.com,Female,"USCGC Houston, FPO AE 33562",3.2,https://raw.githubusercontent.com/tejas407/Images/8ce4479ae39579b2fff35432676227c684308912/Doctor%20Images/Kelly%20Duncan.jpg
10,Tiffany Leon,27,68,S12,+91 75555 99988  ,tiffany.leon10@hospital.com,Female,"3225 Ford View, Port Veronicamouth, NJ 86534",4.2,https://raw.githubusercontent.com/tejas407/Images/8ce4479ae39579b2fff35432676227c684308912/Doctor%20Images/Tiffany%20Leon.jpg
11,Micheal Cruz,2,45,S8,+91 98888 77766  ,micheal.cruz11@hospital.com,Male,"06946 Jessica Gardens Apt. 462, Higginsview, HI 56418",4.5,https://raw.githubusercontent.com/tejas407/Images/8ce4479ae39579b2fff35432676227c684308912/Doctor%20Images/Micheal%20Cruz.jpg
12,John Cordova,28,34,S4,+91 97000 11122  ,john.cordova12@hospital.com,Male,"4932 Bradley Shoals, Jamestown, IA 67415",3.8,https://raw.githubusercontent.com/tejas407/Images/8ce4479ae39579b2fff35432676227c684308912/Doctor%20Images/John%20Cordova.jpg
13,Grace Smith,21,32,S6,+91 96050 66778  ,grace.smith13@hospital.com,Female,"0845 Malone Union, Brandonmouth, LA 37198",3.7,https://raw.githubusercontent.com/tejas407/Images/8ce4479ae39579b2fff35432676227c684308912/Doctor%20Images/Grace%20Smith.jpg
14,Joseph Simmons,22,33,S3,+91 94030 55889  ,joseph.simmons14@hospital.com,Male,"3436 Robertson Mill, Port Jack, IL 09692",4.2,https://raw.githubusercontent.com/tejas407/Images/8ce4479ae39579b2fff35432676227c684308912/Doctor%20Images/Joseph%20Simmons.jpg
15,Andrew Navarro,18,35,S6,+91 92020 33445  ,andrew.navarro15@hospital.com,Male,"USS Thomas, FPO AP 86523",3.9,https://raw.githubusercontent.com/tejas407/Images/8ce4479ae39579b2fff35432676227c684308912/Doctor%20Images/Andrew%20Navarro.jpg
16,Tiffany Nelson,30,31,S18,+91 89080 22334  ,tiffany.nelson16@hospital.com,Female,"PSC 3007, Box 2575, APO AE 81845",3.4,https://raw.githubusercontent.com/tejas407/Images/8ce4479ae39579b2fff35432676227c684308912/Doctor%20Images/Tiffany%20Nelson.jpg
17,Sarah Esparza,27,34,S8,+91 85050 99887  ,sarah.esparza17@hospital.com,Female,"96539 Margaret Forge, West Jasonburgh, IL 93888",4.6,https://raw.githubusercontent.com/tejas407/Images/8ce4479ae39579b2fff35432676227c684308912/Doctor%20Images/Sarah%20Esparza.jpg
18,Martha Barnes,13,40,S3,+91 83030 77665  ,martha.barnes18@hospital.com,Female,"1333 Berg Crescent, South Michael, AS 10478",3.4,https://raw.githubusercontent.com/tejas407/Images/8ce4479ae39579b2fff35432676227c684308912/Doctor%20Images/Martha%20Barnes.jpg
